cell_id,centroid_x,centroid_y,area_pixels,area_microns_sq,perimeter_microns,equivalent_diameter_microns,major_axis_microns,minor_axis_microns,aspect_ratio,eccentricity,solidity,circularity,roundness,mean_green_intensity,max_green_intensity,min_green_intensity,green_intensity_std,mean_chlorophyll_intensity,max_chlorophyll_intensity,chlorophyll_intensity_std,chlorophyll_density,mean_red,mean_green,mean_blue,std_red,std_green,std_blue,color_variation,high_chlorophyll,biomass_estimate,cell_type,health_status,size_category,chlorophyll_category,cluster_id,timestamp,image_path
1,84.12385321100918,27.75,218.0,54.5,27.242640687119284,8.33015937350939,8.554867548624813,8.448983435947632,1.012532171885517,0.15684683372105596,0.9646017699115044,3.691203193284526,3.79262612562985,0.25848213505951395,0.46745493812530525,0.031892841780549346,0.1014998727493485,0.1788697028385386,0.1807423505312597,0.0014530185594674666,0.003282012896119974,0.43241590214067277,0.4441806080230257,0.41672962763086885,0.03788772315065111,0.03788772315065111,0.03788772315065111,0.08788438285626579,False,15.12886451194951,large_high,healthy,large,high,2,Day2_Evening,C:\Users\Aun\Desktop\Projects\bioimaging\1-2305 - Copy.jfif
2,92.3,44.92307692307692,325.0,81.25,45.230970388562795,10.171072362820547,13.962510794437426,8.882467739520406,1.571917985394373,0.7715526225969611,0.7454128440366973,1.9962798105535593,2.1225915738476515,0.4086562776139841,0.8098427679423608,0.12787211688115435,0.12410353803847905,0.17191939307431012,0.18434111988951857,0.018534684924964965,0.002115930991683817,0.48485067873303167,0.4955414781297134,0.46962292609351436,0.04743996328135687,0.046502064384736794,0.04799585333497336,0.09788717556764108,False,23.6793514482278,large_high,moderate,large,high,4,Day2_Evening,C:\Users\Aun\Desktop\Projects\bioimaging\1-2305 - Copy.jfif
3,37.75598086124402,46.52153110047847,209.0,52.25,40.50609665440987,8.156394191823509,12.046984672741331,8.909753175671556,1.352112054645477,0.67306462563728,0.6411042944785276,1.6007199615632808,1.8335792652294647,0.4467043811000675,0.7983770833730289,0.11959223430421383,0.15667178730036113,0.16196196459593876,0.18675816023738873,0.02696481116727944,0.0030997505185825598,0.48477343090346187,0.498151796603809,0.47160146355192795,0.056334348214863196,0.05305611894676435,0.05346796239870641,0.1119666146805041,False,14.99491664497377,large_high,stressed,large,high,4,Day2_Evening,C:\Users\Aun\Desktop\Projects\bioimaging\1-2305 - Copy.jfif
4,586.8101265822785,50.17088607594937,79.0,19.75,18.727922061357855,5.014626706796775,7.275113161722484,3.8389485269088954,1.8950796320211079,0.8494418040811639,0.8229166666666666,2.8304648674941713,1.9004554958764874,0.5758053067389677,0.7737329355822408,0.30348100961144925,0.08624223325379944,0.08333358182057343,0.08335284964036745,2.1816559036640205e-06,0.004219421864332832,0.5307520476545049,0.5346736162819559,0.51114420451725,0.02631693692754141,0.02631693692754141,0.02631693692754141,0.05007758448412989,False,5.855481862960682,small_low,healthy,small,low,2,Day2_Evening,C:\Users\Aun\Desktop\Projects\bioimaging\1-2305 - Copy.jfif
5,511.7083333333333,53.035714285714285,84.0,21.0,19.31370849898476,5.170882945826411,6.9032192069759315,4.170445627823674,1.6552713601923499,0.7968853597201967,0.8155339805825242,2.829813443376398,2.2443266994167654,0.5992026759031539,0.7707862169415926,0.3725504096829812,0.086692926830287,0.13070650416579654,0.13333910023262507,0.009287392175106662,0.006224119245990312,0.5510270774976658,0.5626050420168067,0.5355275443510737,0.02869333609955863,0.02864194169514682,0.028768891922450707,0.052210936032313804,False,7.308326778860032,small_medium,healthy,small,medium,2,Day2_Evening,C:\Users\Aun\Desktop\Projects\bioimaging\1-2305 - Copy.jfif
6,217.7391304347826,52.41304347826087,92.0,23.0,22.4350288425444,5.4115163798060095,7.853890530946826,4.449969194740784,1.764931438228602,0.82399694100452,0.7796610169491526,2.2969123716899387,1.899014402777644,0.5161648234268243,0.7291521652777995,0.1369875134908441,0.11899143953059804,0.14331484145038415,0.1441023901993745,0.0003259573308629288,0.00623108006306018,0.5427536231884058,0.5466751918158568,0.5231457800511509,0.04611173918193568,0.04611173918193568,0.04611173918193568,0.08578531372748893,False,7.21694256156324,small_medium,moderate,small,medium,2,Day2_Evening,C:\Users\Aun\Desktop\Projects\bioimaging\1-2305 - Copy.jfif
7,430.1781376518219,54.13157894736842,247.0,61.75,36.62741699796952,8.866935315394846,12.142288877676497,7.149553588967812,1.6983282559645085,0.8082683308174059,0.8372881355932204,2.3136317290625104,2.1330741365773265,0.5159613605466298,0.7648779008213175,0.2510590215871831,0.09752815119729745,0.1222315055180616,0.1366839762611276,0.02172204391229503,0.001979457579239864,0.5369691196316584,0.5464158132888783,0.5201238390092879,0.03422811148648935,0.03409727425114849,0.03411586195311048,0.06388567963208593,False,18.275450190014368,large_medium,moderate,large,medium,4,Day2_Evening,C:\Users\Aun\Desktop\Projects\bioimaging\1-2305 - Copy.jfif
8,365.05128205128204,55.34102564102564,195.0,48.75,39.66295090390226,7.878478774854901,15.07982519999575,5.772491626436882,2.6123598223916167,0.9238330386924327,0.6351791530944625,1.557666323597777,1.09182268944241,0.5613203218090286,0.7259929800435743,0.2919896690399014,0.07214176668154962,0.0879698318496538,0.0879698318496538,0.0,0.0018045093712749497,0.5615887380593263,0.5655103066867773,0.5419808949220714,0.02725896338153163,0.02725896338153163,0.02725896338153163,0.04899519082402531,False,12.957623582376987,medium_low,stressed,medium,low,0,Day2_Evening,C:\Users\Aun\Desktop\Projects\bioimaging\1-2305 - Copy.jfif
9,647.3552631578947,55.30921052631579,76.0,19.0,19.727922061357855,4.918490759365935,7.472668035515431,3.5879271662972103,2.0827256767386744,0.8771918474640898,0.8172043010752689,2.453922085413551,1.7328953310012838,0.5470104678206223,0.6795540241605582,0.33937768738621205,0.06692358199187977,0.0834657464561416,0.08351879327398615,3.58501356228385e-05,0.0043929340240074525,0.5068627450980392,0.5107843137254902,0.4872549019607843,0.01826268236293839,0.01826268236293839,0.01826268236293839,0.036406389596476525,False,5.26558562651222,small_low,moderate,small,low,2,Day2_Evening,C:\Users\Aun\Desktop\Projects\bioimaging\1-2305 - Copy.jfif
10,279.718954248366,54.591503267973856,153.0,38.25,32.33452377915607,6.978639737521917,11.411322633914603,5.288256999251362,2.157860829292158,0.8861377589059324,0.7251184834123223,1.8389433754879774,1.4959930662468666,0.5248133217738816,0.6729213493477191,0.26999522804277465,0.07941759125139095,0.12660421235534153,0.16801393383468352,0.018387184971327186,0.003309914048505661,0.5473023196206587,0.5526592336280918,0.5284121491733949,0.03205031709489554,0.03173602265218185,0.031857489405408036,0.05873579818331553,False,11.142885311953282,medium_medium,moderate,medium,medium,0,Day2_Evening,C:\Users\Aun\Desktop\Projects\bioimaging\1-2305 - Copy.jfif
11,439.69375,54.565625,160.0,40.0,27.263455967290593,7.136496464611085,8.801895847578454,6.122262509757416,1.4376867756895995,0.7184662719055807,0.8602150537634409,2.7050047540735527,2.629527098308883,0.5655188818412181,0.8615417436453415,0.3405451899390876,0.10406777887064012,0.12370142068809083,0.13649851632047477,0.020419783426287433,0.0030925355172022706,0.5495098039215687,0.5599019607843138,0.5340931372549019,0.03310112312554125,0.03238545603197641,0.033644730240165205,0.0603170147405184,False,13.022460084971213,medium_medium,healthy,medium,medium,2,Day2_Evening,C:\Users\Aun\Desktop\Projects\bioimaging\1-2305 - Copy.jfif
12,162.65040650406505,55.86585365853659,123.0,30.75,29.298989873223334,6.257165172872317,11.37570450882648,3.9458187324987604,2.882976963724487,0.9379155544367908,0.7735849056603774,1.800568632786269,1.2102041145838678,0.5418506973526321,0.7992186341198628,0.27550410218264465,0.09807805763939938,0.15505808062531662,0.155965212992269,0.0004884067224843834,0.00504253920732737,0.5486051331101547,0.5525267017376057,0.5289972899728997,0.03635961170616505,0.03635961170616505,0.03635961170616505,0.06691422995739403,False,9.837187508416894,medium_high,moderate,medium,high,0,Day2_Evening,C:\Users\Aun\Desktop\Projects\bioimaging\1-2305 - Copy.jfif
13,11.957345971563981,57.71327014218009,422.0,105.5,78.66904755831213,11.589942707777277,22.959069305578144,9.712019997887342,2.3639849702299247,0.9061228968671415,0.5431145431145431,0.8568691961724827,1.0193281349003547,0.5386251924806049,0.8895445789396803,0.08829710332318313,0.1411623556434872,0.1553821091142745,0.16308110781404547,0.017209267286260925,0.0014728162001353034,0.5160208159093022,0.5271629030759223,0.500957160115231,0.05073261142063527,0.05091502272840488,0.05059015872276902,0.09859061108497807,False,30.966457503236107,large_high,stressed,large,high,4,Day2_Evening,C:\Users\Aun\Desktop\Projects\bioimaging\1-2305 - Copy.jfif
14,454.4347826086956,55.29483695652174,368.0,92.0,67.7193000900063,10.823032759612019,23.39593632264867,7.5518173318605815,3.0980537921571374,0.946472898072655,0.5317919075144508,1.008399823616993,0.8560065266523746,0.546686676526174,0.8415907683834192,0.20753757138988588,0.10988047289059082,0.103493713800003,0.1638154439949271,0.025027818262417786,0.001124931671739163,0.5447996589940324,0.55288789428815,0.5294330775788576,0.03734445957256111,0.03612208017976133,0.03655166414381491,0.06761527191620569,False,23.94717478108155,large_low,stressed,large,low,0,Day2_Evening,C:\Users\Aun\Desktop\Projects\bioimaging\1-2305 - Copy.jfif
15,659.2043010752689,57.86021505376344,93.0,23.25,19.727922061357855,5.440847306724618,7.238612072909938,4.295345396864394,1.685222352128919,0.8049125088978482,0.8691588785046729,3.0028257097823716,2.259864820724576,0.5664340614582029,0.6657484020629221,0.4110359552538692,0.051307562002675874,0.08366755026123956,0.08370426952677316,2.9325535198602692e-05,0.003598604312311379,0.5070630402698715,0.5109846088973224,0.4874551971326165,0.013060736703423776,0.013060736703423776,0.013060736703423784,0.02602599537195991,False,6.907838224167035,small_low,healthy,small,low,2,Day2_Evening,C:\Users\Aun\Desktop\Projects\bioimaging\1-2305 - Copy.jfif
16,19.8705035971223,60.4910071942446,278.0,69.5,47.81980515339464,9.40692023773423,17.584092565656245,5.726174851117469,3.070827039489493,0.9454920527629436,0.7637362637362637,1.5277034364039481,1.1447614392181065,0.5684517630024922,0.8931012300680842,0.18757621530982757,0.12380604952848562,0.1537829401796479,0.16308110781404547,0.018063844806285166,0.0022127041752467323,0.526209620538863,0.5364790520524757,0.509775708844689,0.044413371578213366,0.04443981595761307,0.04439988130026927,0.08474154989406152,False,22.28738435021019,large_high,stressed,large,high,0,Day2_Evening,C:\Users\Aun\Desktop\Projects\bioimaging\1-2305 - Copy.jfif
17,9.712609970674487,136.74486803519062,341.0,85.25,57.42335854398791,10.418429401242426,16.842424007863254,8.4158239614382,2.0012804551326444,0.8662100245476685,0.6973415132924335,1.2995322559527878,1.5305774289134257,0.569687597188434,0.9456071839102593,0.19815725761036768,0.1449565691843473,0.1206894508374285,0.1602798718306952,0.02897610834773342,0.0014157120332836189,0.6263009602668047,0.6327985739750446,0.6087976539589443,0.04549897627260947,0.045546645428137994,0.0455079572763039,0.07310551128811499,False,24.60123233498863,large_medium,stressed,large,medium,4,Day2_Evening,C:\Users\Aun\Desktop\Projects\bioimaging\1-2305 - Copy.jfif
18,754.9538461538461,155.07692307692307,65.0,16.25,17.435028842544405,4.54864184146723,6.803620562024099,3.3623008156067935,2.0235014459276606,0.8693522881416954,0.8227848101265823,2.6870631946819854,1.7879003329604395,0.5839911307850839,0.7932946128235621,0.2917194488061409,0.10571360518305542,0.08444609297725025,0.08444609297725025,0.0,0.005196682644753862,0.5965610859728506,0.6004826546003017,0.5769532428355958,0.025410085901640192,0.025410085901640192,0.025410085901640192,0.04297090604880488,False,4.830638730326013,small_low,healthy,small,low,2,Day2_Evening,C:\Users\Aun\Desktop\Projects\bioimaging\1-2305 - Copy.jfif
19,4.779411764705882,158.36029411764707,68.0,17.0,18.106601717798213,4.652426491681278,6.437856681526078,4.013755065002405,1.6039485661844244,0.7818541405984045,0.7816091954022989,2.6064228794865785,2.08899029721135,0.6554881007044953,0.9219607744513273,0.34930622646327447,0.13314352480927824,0.11122137508643722,0.11570479389462224,0.0005510547432883848,0.006542433828613954,0.6682814302191464,0.6722029988465974,0.6486735870818916,0.03489609798819042,0.03489609798819042,0.03489609798819042,0.052629450810207166,False,5.882817085093067,small_medium,healthy,small,medium,2,Day2_Evening,C:\Users\Aun\Desktop\Projects\bioimaging\1-2305 - Copy.jfif
20,22.75,164.09574468085106,94.0,23.5,21.020815280171306,5.4700209598571305,8.277015867901317,4.084698416265799,2.0263468742125896,0.8697464073058195,0.8103448275862069,2.673244031544894,1.746989910003736,0.7167463518361117,0.9178613047708565,0.23942129459258932,0.14888925163278446,0.11093567377297317,0.11109050445103856,7.075843705823038e-05,0.004720666969062688,0.6809762202753442,0.6888193575302461,0.6692115143929913,0.037307375586533596,0.037307375586533596,0.037307375586533596,0.054890503906447695,False,8.716598458799481,small_medium,healthy,small,medium,2,Day2_Evening,C:\Users\Aun\Desktop\Projects\bioimaging\1-2305 - Copy.jfif
21,11.045918367346939,165.84013605442178,294.0,73.5,47.40559159102154,9.673836185197393,13.60786307411753,8.414582082472144,1.617176342300251,0.7858935938455699,0.7241379310344828,1.6439857664348978,2.0215178837760663,0.5527759537215269,0.9718838445375995,0.11727089860545084,0.22915191091832746,0.11117564356973203,0.1542747993213372,0.002682930036085022,0.0015125937900643813,0.6419234360410832,0.6496331866079765,0.6298519407763106,0.06242198439190498,0.06233538985070225,0.06219572247391811,0.09730002263716195,False,20.85286087857938,large_medium,stressed,large,medium,4,Day2_Evening,C:\Users\Aun\Desktop\Projects\bioimaging\1-2305 - Copy.jfif
22,109.29411764705883,171.0441176470588,102.0,25.5,22.556349186104043,5.698035485213008,7.913114928040763,4.41995641076968,1.7903151507919042,0.8294635297239955,0.8031496062992126,2.519256672797727,2.0740314789921213,0.6023878061902967,0.8870601719817846,0.14102088141907562,0.18558755021164897,0.15297056133013465,0.15459998781717949,0.000780830996520394,0.005998845542358222,0.6928489042675894,0.7006920415224914,0.6810841983852365,0.054588443449475096,0.054588443449475096,0.054588443449475096,0.0789373110647049,False,9.187621116531705,medium_high,moderate,medium,high,2,Day2_Evening,C:\Users\Aun\Desktop\Projects\bioimaging\1-2305 - Copy.jfif
23,30.41830065359477,177.88126361655773,459.0,114.75,59.148232278140824,12.087358593107094,20.79409906042074,8.497896854204667,2.4469700464923916,0.9126828125366994,0.7183098591549296,1.6486900242483307,1.3515825841992382,0.5887596517391405,0.9637622278479041,0.12041623635517154,0.1792127378557679,0.11046045588903369,0.11567986009544612,0.0004940700104948167,0.0009626183519741498,0.6608483916442394,0.6677090008116536,0.647118629586911,0.04125689728226475,0.04148808245653718,0.041787148481836754,0.06303266670811508,False,33.94519963447108,large_low,moderate,large,low,4,Day2_Evening,C:\Users\Aun\Desktop\Projects\bioimaging\1-2305 - Copy.jfif
24,18.20063694267516,177.20700636942675,157.0,39.25,42.54163056034261,7.069275219628611,13.803115395183529,5.9072742130314975,2.336630211736868,0.9037944869786216,0.5286195286195287,1.0901374335753424,1.0491933603586117,0.6145027859741123,0.9367197974603502,0.15360269387070083,0.15185136643353941,0.14311978299950623,0.1587471121020613,0.021569101393758283,0.003646363898076592,0.6641688522542775,0.6740102410390908,0.648382665167978,0.03480406595956883,0.03452026509768917,0.0350994566343057,0.052565085000147775,False,12.385450339746322,medium_medium,stressed,medium,medium,0,Day2_Evening,C:\Users\Aun\Desktop\Projects\bioimaging\1-2305 - Copy.jfif
25,762.4756097560976,179.04268292682926,82.0,20.5,21.867009357883866,5.108953969950291,7.673270259312441,4.278056598834076,1.7936345819743673,0.8301586971682798,0.6949152542372882,2.154988390293487,1.7732214722684667,0.5792736879308455,0.9053202479001781,0.14719047823417203,0.18860591610429822,0.08438427299703267,0.08438427299703266,1.3877787807814457e-17,0.004116305999855252,0.6119560019129604,0.6158775705404114,0.5923481587757055,0.038486294016694136,0.038486294016694136,0.038486294016694136,0.06343261228763067,False,5.802119892329465,small_low,moderate,small,low,2,Day2_Evening,C:\Users\Aun\Desktop\Projects\bioimaging\1-2305 - Copy.jfif
26,9.075085324232083,184.00682593856655,293.0,73.25,76.84062043356595,9.657370069115643,20.54006976531275,11.256590486476615,1.8247150227228286,0.8364581654087625,0.42773722627737226,0.6235851418693599,0.8842476417771044,0.5885879826166799,0.9723818154662248,0.09509704560833883,0.22503143907615203,0.12132162246650016,0.15844459298559083,0.01979084847093901,0.0016562678835017088,0.6663454460282406,0.6750987084253496,0.6536706150036806,0.050647290548668664,0.050501663271189504,0.05084643220075937,0.07618378067641927,False,20.349463645419057,large_medium,stressed,large,medium,4,Day2_Evening,C:\Users\Aun\Desktop\Projects\bioimaging\1-2305 - Copy.jfif
27,37.853658536585364,189.7642276422764,123.0,30.75,25.263455967290593,6.257165172872317,9.137484704571822,4.9211169308721345,1.8567908125183383,0.8425848423290929,0.7935483870967742,2.421750814374268,1.8756936324712832,0.5761569520882016,0.8950199543061244,0.08149491540113368,0.2042770335590071,0.11248287518407489,0.15830163246373177,0.009680336389236988,0.003657979680782923,0.664147935597003,0.6721823688825124,0.6521919336840427,0.041242475791932055,0.04132033622254776,0.04118179945113532,0.062229433038624646,False,9.609766752347392,medium_medium,moderate,medium,medium,2,Day2_Evening,C:\Users\Aun\Desktop\Projects\bioimaging\1-2305 - Copy.jfif
28,757.5573770491803,190.04098360655738,61.0,15.25,15.278174593052022,4.406461512053774,5.907674947124466,3.421747039279263,1.7265083827964165,0.815182864775439,0.8970588235294118,3.283951705717782,2.2253932717410767,0.6366251251541879,0.9451880544455733,0.23855304539235747,0.16715580344135028,0.08438427299703269,0.08438427299703266,2.7755575615628914e-17,0.005533394950625095,0.6293153326904533,0.6332369013179042,0.6097074895531983,0.036668181407883846,0.036668181407883846,0.036668181407883846,0.05875495949589327,False,5.065651746568287,small_low,healthy,small,low,2,Day2_Evening,C:\Users\Aun\Desktop\Projects\bioimaging\1-2305 - Copy.jfif
29,27.68581081081081,190.13175675675674,148.0,37.0,37.816756826189696,6.863662517577698,11.63428649601099,7.947613545854124,1.463871692915922,0.7303061648419978,0.5849802371541502,1.3004780236530176,1.3921701757831904,0.56672523841485,0.8975818305487065,0.047873924686214736,0.21674089835782923,0.1099910085874705,0.11022502472799209,6.49361669516184e-05,0.002972729961823527,0.66293057763646,0.670773714891362,0.651165871754107,0.04563135832917178,0.04563135832917178,0.04563135832917178,0.06896878065424487,False,10.327978399529892,medium_low,stressed,medium,low,4,Day2_Evening,C:\Users\Aun\Desktop\Projects\bioimaging\1-2305 - Copy.jfif
30,747.7591463414634,197.90142276422765,492.0,123.0,67.16904755831214,12.514330345744634,18.959265474086447,11.121611738396942,1.7047228333489024,0.8098727325065348,0.6684782608695652,1.3703660367239308,1.7427384209669956,0.5278551756150327,0.9475083098490932,0.03138682820001869,0.23462430642862794,0.0849972052469801,0.08605339615077381,0.0004567985727204877,0.0006910341889998382,0.6104176630001594,0.6143392316276104,0.5908098198629045,0.045737381073500505,0.045737381073500505,0.045737381073500505,0.07557537937072942,False,30.468163991405916,large_low,stressed,large,low,4,Day2_Evening,C:\Users\Aun\Desktop\Projects\bioimaging\1-2305 - Copy.jfif
31,742.5953608247422,212.68814432989691,194.0,48.5,42.07716446627535,7.858251581595959,13.343883832119383,7.761391752834498,1.7192643094257074,0.8134433610496709,0.6178343949044586,1.3769515616839778,1.3872263950406603,0.5693504952243708,0.961978278953202,0.13818751511279193,0.20848011507889647,0.08653321185778082,0.08698071216617208,0.0002352994284835004,0.0017841899352119756,0.6243379826157267,0.6282595512431778,0.6047301394784719,0.044991791400450024,0.044991791400450024,0.044991791400450024,0.07267181560850643,False,12.767046945885175,medium_low,stressed,medium,low,4,Day2_Evening,C:\Users\Aun\Desktop\Projects\bioimaging\1-2305 - Copy.jfif
32,756.0044052863436,212.13436123348018,227.0,56.75,65.30508652763321,8.500373177909337,18.10759159628736,9.383764911280013,1.9296723402054363,0.8552457183252171,0.47291666666666665,0.6688699772959092,0.8814843260136536,0.612639496686723,0.9578958817213854,0.11392513294231042,0.1879507320572138,0.08647308011441049,0.08722800839917673,0.00041282023548874043,0.0015237547156724315,0.6335147274768939,0.6374362961043448,0.6139068843396389,0.04514572053184104,0.04514572053184104,0.04514572053184104,0.07185536958853266,False,14.792740870894216,large_low,stressed,large,low,4,Day2_Evening,C:\Users\Aun\Desktop\Projects\bioimaging\1-2305 - Copy.jfif
33,14.844036697247706,216.75229357798165,109.0,27.25,22.917261889578032,5.890312181373172,9.13385560713611,4.158544997258264,2.196406582869267,0.8903436559081493,0.8014705882352942,2.608019933866945,1.6635211736868472,0.6284133093569108,0.9656853332060833,0.20753235355871286,0.17207496723201157,0.15798275857285118,0.1730341083169459,0.02251440230148943,0.005797532424691786,0.671343766864544,0.6822450080949811,0.6565209570066558,0.0388922697695818,0.03914171370314339,0.03870949074077992,0.05807815979245717,False,10.276544791585184,medium_high,healthy,medium,high,2,Day2_Evening,C:\Users\Aun\Desktop\Projects\bioimaging\1-2305 - Copy.jfif
34,7.87843137254902,219.5235294117647,255.0,63.75,40.248737341529164,9.009385160867895,13.108367490498821,6.966860513139547,1.8815314969743329,0.8470696271303175,0.770392749244713,1.9780876134463612,1.8895269152814433,0.5384445944238658,0.940547485106976,0.11211521522307422,0.2036172122712061,0.1390379067966255,0.1743161136401259,0.030899429693402126,0.0021809867732804,0.6536716647443291,0.6631449442522107,0.6398154555940023,0.045029218478859566,0.04493566812905133,0.04520842035118688,0.0690846835260185,False,19.766622830684955,large_medium,moderate,large,medium,4,Day2_Evening,C:\Users\Aun\Desktop\Projects\bioimaging\1-2305 - Copy.jfif
35,19.422857142857143,225.69714285714286,175.0,43.75,31.695436482630058,7.463526651802308,10.19987835774069,6.4231494482249,1.5879870832772738,0.7768156734261614,0.7709251101321586,2.189043737508279,2.1416977597503837,0.5449531988608737,0.9460986849586808,0.10858404396007992,0.20238799220040782,0.11504377156332002,0.1678006180959439,0.00791351693008362,0.0026295719214473145,0.6557535014005602,0.663686274509804,0.6438991596638656,0.04567695515382154,0.04573095757945189,0.045630416831874444,0.06979861046002607,False,13.012689405897666,medium_medium,moderate,medium,medium,2,Day2_Evening,C:\Users\Aun\Desktop\Projects\bioimaging\1-2305 - Copy.jfif
36,758.6764705882352,243.43627450980392,102.0,25.5,27.367009357883866,5.698035485213008,9.680130692295066,5.527689778383579,1.7512073000460158,0.820925976919276,0.5483870967741935,1.7114150799013141,1.3859509127022245,0.6239551654291382,0.912310196752521,0.2279025049918103,0.18567302277109696,0.08976994905215559,0.09025717111770525,0.00021469766772301584,0.003520390158908062,0.6434063821607074,0.6473279507881584,0.6237985390234525,0.042419173737469666,0.042419173737469666,0.042419173737469666,0.06646922759874607,False,7.46678906526241,medium_low,moderate,medium,low,2,Day2_Evening,C:\Users\Aun\Desktop\Projects\bioimaging\1-2305 - Copy.jfif
37,585.6267605633802,262.9225352112676,142.0,35.5,28.677669529663685,6.723094811029982,10.577987107641354,4.9653290584339,2.1303698069464354,0.8829845386336961,0.7932960893854749,2.1697539956716816,1.6158178306158955,0.5353458804319643,0.6530864743595591,0.44092740194605196,0.041906918460271246,0.14784413038973435,0.15195941903623333,0.001822187786907513,0.0041646233912601225,0.6351560342446838,0.6390776028721348,0.6155481911074289,0.008945119115899808,0.008945119115899808,0.008945119115899808,0.014200240973274433,False,11.409582806757214,medium_medium,moderate,medium,medium,0,Day2_Evening,C:\Users\Aun\Desktop\Projects\bioimaging\1-2305 - Copy.jfif
38,60.19556451612903,316.21370967741933,248.0,62.0,38.698484809834994,8.884866446580956,12.075486471154125,7.580829891507573,1.5928976964226162,0.7783854122868016,0.8131147540983606,2.0810073908626134,2.16547177803735,0.4743632342878948,0.807077706020164,0.06617681713884871,0.12459331257831519,0.20608559571638116,0.25996907241615297,0.050529126339421165,0.003323961221231954,0.6056767868437697,0.6175047438330171,0.591302972802024,0.059602328461522275,0.05806578863020897,0.05863676969569111,0.09716527556416313,False,21.464653240956803,large_high,moderate,large,high,4,Day2_Evening,C:\Users\Aun\Desktop\Projects\bioimaging\1-2305 - Copy.jfif
39,542.8809523809524,335.78968253968253,126.0,31.5,33.62741699796952,6.333012368467128,13.122163347899148,6.373411057011723,2.058891734821147,0.8741265715243515,0.4883720930232558,1.4002106943783694,0.9316864608745178,0.5456724684900848,0.7797938499826004,0.3030228341243712,0.09300450331316748,0.16033851306193123,0.16413276431517754,0.0022861396546052623,0.0050901115257755945,0.5921257391845627,0.5960473078120136,0.5725178960473079,0.02756410832807086,0.02756410832807086,0.02756410832807086,0.04696583765078839,False,9.909141842889767,medium_high,stressed,medium,high,0,Day2_Evening,C:\Users\Aun\Desktop\Projects\bioimaging\1-2305 - Copy.jfif
40,638.5941943127962,369.92357819905214,844.0,211.0,68.88477631085024,16.39065416446578,21.794298346258387,14.520313513888288,1.5009523262299211,0.7457341081394498,0.8,2.235145532482705,2.262386401823535,0.11514213068360456,0.23512550589479397,0.03049692225670647,0.04836525127673444,0.21500378713694362,0.33949192277531653,0.05020023251930465,0.0010189752944878845,0.38300808475048786,0.3875290400520398,0.35373106588607006,0.03060803102088016,0.030413096135575017,0.03206925445253717,0.08280086760435323,False,47.771582775460324,large_high,moderate,large,high,3,Day2_Evening,C:\Users\Aun\Desktop\Projects\bioimaging\1-2305 - Copy.jfif
41,649.4006849315068,379.5821917808219,146.0,36.5,23.071067811865476,6.817128675830715,9.429278367952307,5.053230123411989,1.8659902948543274,0.844276088759628,0.948051948051948,3.4468892408707856,2.090769039585654,0.1515284171089161,0.22327378030443928,0.11039975087318203,0.026408821711095057,0.22693841396922337,0.2631414857969937,0.01775587402438487,0.006217490793677353,0.41646521622347565,0.41659951651893634,0.37716894977168947,0.012889386459721127,0.013022891280796575,0.014314773593930073,0.033239077639023694,False,10.028034653970773,medium_high,healthy,medium,high,1,Day2_Evening,C:\Users\Aun\Desktop\Projects\bioimaging\1-2305 - Copy.jfif
42,683.7286821705426,379.7596899224806,129.0,32.25,22.485281374238568,6.407961869245868,9.156726929500847,4.599274982574019,1.9909066024959037,0.8647028690499468,0.8896551724137931,3.2062908907747714,1.9589317402671567,0.3989908427672411,0.584439634029672,0.12644863981327725,0.1156862205198951,0.22829596408172845,0.2886109332220542,0.04802572449747222,0.0070789446226892545,0.5573795409636723,0.5630642954856362,0.5265845873233014,0.06218855594374771,0.062037539784651395,0.06288549565279654,0.1136055630130573,False,11.904174106789574,medium_high,healthy,medium,high,1,Day2_Evening,C:\Users\Aun\Desktop\Projects\bioimaging\1-2305 - Copy.jfif
43,352.5183486238532,395.8807339449541,109.0,27.25,25.556349186104047,5.890312181373172,10.154499568610973,4.07182600236436,2.4938441777017553,0.9160835851007402,0.7465753424657534,2.097194620805929,1.3459209884312688,0.5687263133277308,0.8367511944359247,0.27814550455075426,0.10465805158798863,0.13041434400276028,0.1572700133614563,0.01964349109196253,0.004785847486339827,0.6473466450800505,0.6512682137075014,0.6247886310487497,0.020426904003812328,0.020426904003812328,0.021247379392755034,0.03228713461763815,False,8.633757183532676,medium_medium,moderate,medium,medium,0,Day2_Evening,C:\Users\Aun\Desktop\Projects\bioimaging\1-2305 - Copy.jfif
44,391.3484848484849,397.75757575757575,132.0,33.0,32.71320343559643,6.4820448144285745,11.517388858185505,5.403114598969886,2.131620317729577,0.8831308746069896,0.6439024390243903,1.55002122930271,1.2669981762780977,0.6077834387005527,0.8818746018604655,0.28229825866298663,0.14370462673149545,0.1564189952372647,0.15893844294856868,0.001554763012720369,0.004739969552644385,0.6543969102792633,0.6583184789067142,0.6269459298871064,0.030947828065007774,0.030947828065007774,0.030947828065007774,0.04786582238975148,False,11.123057176778648,medium_high,moderate,medium,high,0,Day2_Evening,C:\Users\Aun\Desktop\Projects\bioimaging\1-2305 - Copy.jfif
45,360.49436090225566,400.7368421052632,266.0,66.5,67.23401871576773,9.201653640780462,19.624257527810173,8.558835122897332,2.2928654712964,0.8998810124564092,0.51252408477842,0.739457740208686,0.8794381195955346,0.6084128473792332,0.8918643928276293,0.3430790880689913,0.125307392461896,0.13294691954783003,0.1539825582821239,0.01862253179623817,0.00199920179771173,0.6554916703523515,0.6594132389798024,0.6319327731092437,0.030118286827791017,0.030118286827791017,0.030766454269458766,0.046744024294269895,False,19.681683777277378,large_medium,stressed,large,medium,0,Day2_Evening,C:\Users\Aun\Desktop\Projects\bioimaging\1-2305 - Copy.jfif
46,401.93700787401576,400.8976377952756,381.0,95.25,56.7517856687341,11.012541334134653,14.890559784928154,12.830540518410041,1.1605559222982282,0.5074927573232063,0.6205211726384365,1.486537186526599,2.187827339654563,0.528904127944775,0.8775287092018982,0.22007813578766397,0.16073101570445258,0.15466758304256983,0.1597310427023622,0.002274176410665167,0.0016238066461162187,0.6377746899284649,0.6416962585559158,0.610323709536308,0.03062550195595769,0.03062550195595769,0.03062550195595769,0.04861718995655413,False,29.205550628421168,large_high,stressed,large,high,4,Day2_Evening,C:\Users\Aun\Desktop\Projects\bioimaging\1-2305 - Copy.jfif
47,417.40731707317076,404.3707317073171,205.0,51.25,40.55939751330898,8.07796550300118,14.44756065160708,5.874688506060459,2.4592896519879575,0.9135967224954794,0.7068965517241379,1.5659602532486137,1.250474750825018,0.5785752697385352,0.861895385829828,0.23805681810255622,0.13015225570049985,0.15277094985181763,0.15484726947448915,0.001007858679977728,0.0029808965824744903,0.6435772357723578,0.6474988043998088,0.6161262553802009,0.023539643100262405,0.023539643100262405,0.023539643100262405,0.03702749806115058,False,16.62751661410262,large_high,moderate,large,high,0,Day2_Evening,C:\Users\Aun\Desktop\Projects\bioimaging\1-2305 - Copy.jfif
48,235.5965909090909,406.95454545454544,88.0,22.0,24.867009357883866,5.292567428401227,8.752727646498105,4.3252079759803355,2.0236547456459,0.8693735685683881,0.6875,1.788320770055677,1.4625339654726288,0.5902693170264283,0.846798324414705,0.3462841416507292,0.12112915709968841,0.1613036333028716,0.16382882609523233,0.0011264407162454716,0.007331983331948708,0.647192513368984,0.651114081996435,0.6197415329768271,0.026409111046855064,0.026409111046855064,0.026409111046855064,0.041306227914646096,False,7.520775887841802,small_high,moderate,small,high,2,Day2_Evening,C:\Users\Aun\Desktop\Projects\bioimaging\1-2305 - Copy.jfif
49,432.7568493150685,408.9246575342466,146.0,36.5,32.384776310850235,6.817128675830715,11.490132168232442,4.933289282706536,2.32910164188236,0.9031381400734138,0.7263681592039801,1.749366946833252,1.4080332994098461,0.5738036018941234,0.8903596853512926,0.2370947268618488,0.15517170005327094,0.15002763612246214,0.15196529755480886,0.0009108714225861235,0.004110346195135949,0.6431103948428686,0.6470319634703195,0.6156594144507117,0.03100271052303672,0.03100271052303672,0.03100271052303672,0.048802626221836586,False,11.886077344720444,medium_high,moderate,medium,high,0,Day2_Evening,C:\Users\Aun\Desktop\Projects\bioimaging\1-2305 - Copy.jfif
50,255.9144144144144,411.1081081081081,111.0,27.75,27.67766952966369,5.944106103225343,8.034137329878066,6.6505279758648435,1.2080450392862674,0.5610473559166862,0.6894409937888198,1.8208484621595455,2.18954863057757,0.5654696793724507,0.8607513236104192,0.2426721226012419,0.14839925410834,0.1561690987074303,0.1601689751199448,0.001593042603078906,0.005627715268736227,0.644338456103162,0.648260024730613,0.6168874757110051,0.03063427745565498,0.03063427745565498,0.03063427745565498,0.04812961941509293,False,9.150660435708213,medium_high,moderate,medium,high,2,Day2_Evening,C:\Users\Aun\Desktop\Projects\bioimaging\1-2305 - Copy.jfif
51,426.2878787878788,413.54545454545456,99.0,24.75,24.64213562373095,5.613615477764332,7.927797910479309,5.088416786801314,1.558008756484527,0.7668344693203659,0.7557251908396947,2.048747193474746,2.005580837282728,0.5718947388299725,0.839860901739528,0.22032841386446436,0.16353001623327496,0.14683991604514238,0.14891773872464464,0.0008854922235515554,0.005932925900813834,0.6438898791839969,0.6478114478114478,0.61643889879184,0.033788335039200534,0.033788335039200534,0.033788335039200534,0.053122408797696793,False,8.181484881741925,small_medium,moderate,small,medium,2,Day2_Evening,C:\Users\Aun\Desktop\Projects\bioimaging\1-2305 - Copy.jfif
52,234.42222222222222,416.0133333333333,225.0,56.25,43.55939751330898,8.462843753216344,15.286229254273024,6.062673095454746,2.5213678873322865,0.9179871562927836,0.6859756097560976,1.4901454246306371,1.2260040350410166,0.5731225666470581,0.8491964809018333,0.23941647553568773,0.13692852581214227,0.15209917339925458,0.1573870888494081,0.0021833875830751083,0.002703985304875637,0.6415686274509804,0.6454901960784314,0.6141176470588235,0.024424513911898902,0.024424513911898902,0.024424513911898902,0.03854115747236522,False,17.993967896250908,large_high,stressed,large,high,0,Day2_Evening,C:\Users\Aun\Desktop\Projects\bioimaging\1-2305 - Copy.jfif
53,248.28977272727272,416.35227272727275,264.0,66.0,54.21625176280136,9.166995688475081,13.66157607315158,8.958771288471716,1.524938591828045,0.7549658473892246,0.5986394557823129,1.1286383736370182,1.800994704766798,0.5628002015236774,0.8543859481394269,0.26807201665595404,0.13418270614189878,0.15208041656986598,0.1563427299746306,0.0024065916251957394,0.00230424873590706,0.6424093879976233,0.6463309566250742,0.6149584076054664,0.025913916572796382,0.025913916572796382,0.025913916572796382,0.040837212099549436,False,20.22024541424443,large_high,stressed,large,high,4,Day2_Evening,C:\Users\Aun\Desktop\Projects\bioimaging\1-2305 - Copy.jfif
54,415.24266666666665,415.792,375.0,93.75,53.148232278140824,10.925484305920792,15.089155467217621,9.425937769882214,1.600812124543251,0.7808785074997318,0.7396449704142012,1.6682590250809508,2.09706320383688,0.5630396967540348,0.9009686607165629,0.26259504584294885,0.16026097858577115,0.14514595188425297,0.14967277855704114,0.0017283506622158943,0.001548223486765365,0.6428758169934641,0.646797385620915,0.6154248366013072,0.0342733032995846,0.0342733032995846,0.0342733032995846,0.05397092841536067,False,29.59151532241793,large_medium,moderate,large,medium,4,Day2_Evening,C:\Users\Aun\Desktop\Projects\bioimaging\1-2305 - Copy.jfif
55,383.07860262008734,419.2532751091703,229.0,57.25,48.40559159102155,8.537737635702333,11.489180220806114,9.780569390876675,1.174694413141553,0.5247032137355201,0.604221635883905,1.2281581142193043,2.2088565745795705,0.5849210118176404,0.8573032425836944,0.28870257779894565,0.120360718764003,0.14236731981888126,0.14608133008733226,0.0017093749970655521,0.0024867654116835156,0.6451237263464338,0.6490452949738847,0.6176727459542769,0.022768234472938926,0.022768234472938926,0.022768234472938926,0.03572717396805688,False,17.68590830634302,large_medium,stressed,large,medium,4,Day2_Evening,C:\Users\Aun\Desktop\Projects\bioimaging\1-2305 - Copy.jfif
56,243.43370165745856,422.3259668508287,181.0,45.25,39.16295090390226,7.590394548326596,14.26836074769602,5.157449461659603,2.7665536722689748,0.9323874054945771,0.6830188679245283,1.4829879511565645,1.1319846332272745,0.5692515946301617,0.8817170919750725,0.22549752965595538,0.13314303640626074,0.14669432607039257,0.15009891544122672,0.0015432063977989998,0.0032418635595666866,0.6422489437764055,0.6461705124038566,0.6147979633842487,0.027909434036599668,0.027909434036599668,0.027909434036599668,0.04399303056450455,False,14.209202215894267,medium_medium,stressed,medium,medium,0,Day2_Evening,C:\Users\Aun\Desktop\Projects\bioimaging\1-2305 - Copy.jfif
57,293.425,423.6875,80.0,20.0,20.849242404917497,5.046265044040321,8.646414726838552,3.344699145141369,2.5851098564122417,0.9221507285916422,0.8333333333333334,2.312699963722502,1.3624732369989965,0.648231273002191,0.865254753449174,0.39312196642286634,0.11965099212052994,0.14191332148579971,0.14391762904327676,0.0012090977950756751,0.007095666074289986,0.6583333333333333,0.6622549019607843,0.6308823529411764,0.02982954909533607,0.02982954909533607,0.02982954909533607,0.04585703101317678,False,7.2351569105806455,small_medium,moderate,small,medium,0,Day2_Evening,C:\Users\Aun\Desktop\Projects\bioimaging\1-2305 - Copy.jfif
58,340.0655737704918,422.14344262295083,122.0,30.5,35.33452377915607,6.231677632421503,13.94357771303781,4.555480190385002,3.060835988809202,0.945125281774253,0.6192893401015228,1.2279232137175562,0.7989535048951091,0.6008281092173462,0.8775009762024724,0.26088791592109584,0.13510140189314904,0.13994680809783766,0.1428659923314617,0.0016556753786225937,0.0045884199376340215,0.6534233365477339,0.6573449051751848,0.625972356155577,0.034085258122998945,0.034085258122998945,0.034085258122998945,0.05279786796487239,False,9.527388618289928,medium_medium,stressed,medium,medium,0,Day2_Evening,C:\Users\Aun\Desktop\Projects\bioimaging\1-2305 - Copy.jfif
59,128.00200803212851,425.6285140562249,249.0,62.25,61.18376618407356,8.902761462589227,20.86852606216519,8.508874440580652,2.452560113314013,0.9130993229397788,0.5112936344969199,0.835866265352709,0.727990838005594,0.5577467253544213,0.8342528684653518,0.30673534052763285,0.09429858175148448,0.13428709166448272,0.1392075226346711,0.002508683212161467,0.002157222356055947,0.6123631782030081,0.6162847468304592,0.5849121978108512,0.021204684991450076,0.021204684991450076,0.021204684991450076,0.03507689332878602,False,17.627223900338976,large_medium,stressed,large,medium,0,Day2_Evening,C:\Users\Aun\Desktop\Projects\bioimaging\1-2305 - Copy.jfif
60,314.0498392282958,428.2990353697749,311.0,77.75,57.47665940288702,9.949591680222808,17.66190835956396,8.99667678816485,1.963159150365193,0.8605398922272486,0.6027131782945736,1.1830067315496517,1.2693905285637606,0.5612640888379896,0.9033058642512596,0.16954557166740034,0.14133279226766235,0.137274560497303,0.14175391516857405,0.0019070696430368123,0.001765589202537659,0.6424941680852405,0.6464157367126915,0.6150431876930836,0.03322701116652911,0.03322701116652911,0.03322701116652911,0.05235477380861877,False,22.99522849852283,large_medium,stressed,large,medium,4,Day2_Evening,C:\Users\Aun\Desktop\Projects\bioimaging\1-2305 - Copy.jfif
61,453.5925925925926,431.52932098765433,324.0,81.0,47.23401871576773,10.155412503859614,14.12536928100824,8.315658328277761,1.6986471453467853,0.8083488456055845,0.7534883720930232,1.8249252472447144,2.067547557573131,0.5620814313498526,0.8790277608890984,0.2897783460125317,0.11933323167655754,0.13336362814484815,0.13754286236460508,0.0017463583264977131,0.0016464645449981252,0.6366497216170418,0.6405712902444928,0.6091987412248849,0.022152999912436425,0.022152999912436425,0.022152999912436425,0.03523022891833803,False,25.0928419808658,large_medium,moderate,large,medium,4,Day2_Evening,C:\Users\Aun\Desktop\Projects\bioimaging\1-2305 - Copy.jfif
62,304.82909604519773,433.6242937853107,354.0,88.5,46.45584412271571,10.61516366850092,13.483409740490247,9.46492699263783,1.4245656359502974,0.7122081329872911,0.8137931034482758,2.0612582858962614,2.4792134316015195,0.5454799553230827,0.8715802436472229,0.24626330332886032,0.14957398643346947,0.1338195570890657,0.1382346520191013,0.001987853479130742,0.0015120853908369006,0.6393818544366899,0.6433034230641409,0.6119308740445331,0.031051282668424524,0.031051282668424524,0.031051282668424524,0.0491676627634002,False,27.4666383827965,large_medium,moderate,large,medium,4,Day2_Evening,C:\Users\Aun\Desktop\Projects\bioimaging\1-2305 - Copy.jfif
63,464.6645569620253,435.73417721518985,79.0,19.75,20.935028842544405,5.014626706796775,7.997155725660336,3.6975020987764453,2.1628536000849614,0.8866963936874668,0.7669902912621359,2.26511276837634,1.5727732138502117,0.5786340659256509,0.8022887744629967,0.38993542184148333,0.08517927165699624,0.12941651465657775,0.13141749523557708,0.0008442613582345479,0.0065527349193203925,0.6373293621245967,0.6412509307520476,0.6098783817324398,0.013682672773878817,0.013682672773878817,0.013682672773878817,0.021736254477548202,False,6.399433163928053,small_medium,moderate,small,medium,2,Day2_Evening,C:\Users\Aun\Desktop\Projects\bioimaging\1-2305 - Copy.jfif
64,88.14516129032258,448.8709677419355,62.0,15.5,17.02081528017131,4.442433223290478,6.504612103556033,3.4532872858223365,1.883600049802135,0.8474355617476784,0.8493150684931506,2.6893098124978327,1.8657738517623434,0.5170030524019903,0.6126484409197075,0.41830198292286724,0.03322029554412736,0.14951737717880925,0.1522619322850305,0.0013957643184625472,0.009646282398632855,0.5792536369386465,0.5831752055660975,0.5518026565464896,0.012937286839496862,0.012937286839496862,0.012937286839496862,0.022640968002263156,False,5.109132004950991,small_medium,healthy,small,medium,2,Day2_Evening,C:\Users\Aun\Desktop\Projects\bioimaging\1-2305 - Copy.jfif
65,495.2771739130435,699.3695652173913,92.0,23.0,24.97056274847714,5.4115163798060095,7.512489698174479,5.549793797991846,1.3536520403501875,0.6739880101772768,0.6433566433566433,1.854133631554726,2.075535505197904,0.5110080113229339,0.6730675815977997,0.2713288783026896,0.07354443510116405,0.09272038612163197,0.09372946055922753,0.0005650803208575282,0.004031321135723129,0.587382779198636,0.5716965046888322,0.5285592497868713,0.011357341847148095,0.011357341847148095,0.011357341847148095,0.02018917253996471,False,5.949297458984628,small_low,moderate,small,low,2,Day2_Evening,C:\Users\Aun\Desktop\Projects\bioimaging\1-2305 - Copy.jfif
66,388.51724137931035,703.5658307210032,319.0,79.75,54.890872965260115,10.076748170547344,20.203131105167312,7.166459686980229,2.8191229683286503,0.934972483698475,0.6341948310139165,1.3304552502378844,0.9950924643487503,0.5501930874131241,0.7860817285068309,0.21250115560531277,0.08920384335781031,0.09287214089249148,0.09537714730261954,0.0011370035896793524,0.0011645409516299872,0.5829491671276662,0.5672628926178622,0.5241256377159015,0.013883734612862755,0.013883734612862755,0.013883734612862755,0.024876226523322217,False,20.789070438119587,large_low,stressed,large,low,0,Day2_Evening,C:\Users\Aun\Desktop\Projects\bioimaging\1-2305 - Copy.jfif
67,404.9646017699115,704.4203539823009,113.0,28.25,27.727922061357855,5.997417539138688,11.139323240564332,3.87950648215792,2.871324817162889,0.9373937849679489,0.7151898734177216,1.8469437046344104,1.1595005238137697,0.5632853192093341,0.7182450078631888,0.38633396351792887,0.07260787465375318,0.09460057483291623,0.09570839698291513,0.00038437699693615984,0.0033486929144395127,0.5857712996703106,0.5700850251605066,0.5269477702585459,0.01078322131315658,0.01078322131315658,0.01078322131315658,0.019223666042809246,False,7.871784018748821,medium_low,moderate,medium,low,0,Day2_Evening,C:\Users\Aun\Desktop\Projects\bioimaging\1-2305 - Copy.jfif
68,12.450581395348838,707.9709302325581,172.0,43.0,38.79898987322333,7.399277020331919,10.419988721643692,8.020269784432108,1.2992067600855028,0.6384052398791805,0.6515151515151515,1.4358116507492864,2.0169914987951363,0.3675710819290374,0.5351148929195922,0.01789680363188509,0.1373886747468396,0.19599052034623743,0.3267238690233055,0.05735109602649404,0.004557919077819475,0.4910396716826265,0.49094847241222067,0.4545827633378933,0.0873134397868038,0.08647153879357711,0.08478002344692988,0.17998763631471956,False,12.168826157747231,medium_high,stressed,medium,high,4,Day2_Evening,C:\Users\Aun\Desktop\Projects\bioimaging\1-2305 - Copy.jfif
69,306.494623655914,711.9408602150538,93.0,23.25,23.556349186104043,5.440847306724618,8.527722302494945,4.836690256203669,1.763131780365108,0.8235989709673388,0.7265625,2.1060896104131044,1.62827205031673,0.5117176839492003,0.6735129502671334,0.3315785419291718,0.06424687295801276,0.09226181649221012,0.09427545351971546,0.001012892758989717,0.003968250171707962,0.5716635041113219,0.5559772296015181,0.5128399746995572,0.010192656333198581,0.010192656333198581,0.010192656333198581,0.0186396394927363,False,6.13874612455838,small_low,moderate,small,low,2,Day2_Evening,C:\Users\Aun\Desktop\Projects\bioimaging\1-2305 - Copy.jfif
70,327.65723270440253,712.2295597484276,159.0,39.75,39.99137802864845,7.1141599576634995,9.731773991357139,8.872458781245532,1.0968519810909705,0.4108564576707318,0.6091954022988506,1.2493216025098808,2.137584118379168,0.4949624754333437,0.6719691243950712,0.15948878908522887,0.08536999754692173,0.09321278130523963,0.09755263104942478,0.0015884687765691185,0.0023449756303204937,0.5711431742508324,0.5554568997410284,0.5123196448390677,0.013211363658842776,0.013211363658842776,0.013211363658842776,0.024183058218861422,False,9.557505932810313,medium_low,stressed,medium,low,4,Day2_Evening,C:\Users\Aun\Desktop\Projects\bioimaging\1-2305 - Copy.jfif
71,383.40449438202245,717.2471910112359,267.0,66.75,59.873106012293746,9.218933756735217,14.423538213167564,9.829583991362885,1.4673599844959178,0.7318218122080733,0.5766738660907127,0.9359605597917685,1.6340967304321334,0.5221568906016514,0.6885185468019224,0.27900230267191994,0.06674431316340003,0.09907059767870892,0.1024474934005062,0.0015475945287674628,0.0014842037105424557,0.577557464933539,0.5618711904237351,0.5187339355217743,0.011085353822368698,0.011085353822368698,0.011085353822368698,0.020055971380632774,False,16.497186756689064,large_low,stressed,large,low,4,Day2_Evening,C:\Users\Aun\Desktop\Projects\bioimaging\1-2305 - Copy.jfif
72,27.62934362934363,715.7837837837837,259.0,64.75,29.553300858899107,9.079772052293041,9.468253874880336,8.982641720922562,1.0540611736552596,0.3161430255969513,0.9522058823529411,3.726470075267474,3.678494357223903,0.3935110175592296,0.4586526769411939,0.2900233585801959,0.029662533066935972,0.19473590887670372,0.19794757665677545,0.010185737181997622,0.0030075043841961964,0.500825194942842,0.504746763570293,0.4735861912332501,0.005025142288319445,0.005025142288319432,0.005495564275998178,0.010509930162168614,False,22.6079856805679,large_high,healthy,large,high,2,Day2_Evening,C:\Users\Aun\Desktop\Projects\bioimaging\1-2305 - Copy.jfif
73,438.3888888888889,720.3958333333334,72.0,18.0,19.210155108391486,4.787307364817192,6.332409360913236,5.112784057792865,1.2385442626432517,0.5900051452074235,0.6545454545454545,2.4517750287832856,2.286149623522263,0.5207182588417146,0.6052795653620495,0.4226496778641356,0.03642196251526595,0.10255695679387192,0.10336300692814197,0.0004728330298351576,0.005697608710770662,0.5803376906318083,0.5646514161220044,0.5215141612200436,0.00651935985098661,0.00651935985098661,0.00651935985098661,0.01173599831984647,False,5.110328324316223,small_low,moderate,small,low,2,Day2_Evening,C:\Users\Aun\Desktop\Projects\bioimaging\1-2305 - Copy.jfif
74,273.76984126984127,737.7380952380952,63.0,15.75,13.828427124746192,4.478115991081385,4.604642615716907,4.44666470246318,1.0355272825419504,0.2596916066394901,0.9692307692307692,4.140042913665677,3.783195731347397,0.2842430812261073,0.5407243721099061,0.13538230609591653,0.11981872229318014,0.18746818119997136,0.2207079002997664,0.015844217621594693,0.011902741663490245,0.5215063803299097,0.5149081854964207,0.46791160908807966,0.02442023660385918,0.025101879964401583,0.025200783674084022,0.04967200696790123,False,4.8215923857911696,small_high,healthy,small,high,1,Day2_Evening,C:\Users\Aun\Desktop\Projects\bioimaging\1-2305 - Copy.jfif
75,277.6333333333333,737.7666666666667,60.0,15.0,13.82842712474619,4.370193722368317,4.553237172030297,4.333490783000772,1.0507088626775292,0.3069103565103195,0.967741935483871,3.9428980130149305,3.6848585691324716,0.3769519432129054,0.48520107982774685,0.20105227923942734,0.05677452891713914,0.18771632756258688,0.2200963125424191,0.013027314372818892,0.012514421837505792,0.5384967320261438,0.5319607843137255,0.48490196078431375,0.009013685656419038,0.009247615387908446,0.009247615387908446,0.017686532815615823,False,5.113286216123396,small_high,healthy,small,high,1,Day2_Evening,C:\Users\Aun\Desktop\Projects\bioimaging\1-2305 - Copy.jfif
76,697.6975308641976,792.4938271604939,81.0,20.25,16.48528137423857,5.077706251929807,6.247515506879279,4.331673849401826,1.4422866827201262,0.720607302130909,0.9642857142857143,3.745434051606648,2.6422898227088165,0.12832915241087497,0.26572363066864707,0.035607980009180425,0.06138973827935029,0.21387897835940828,0.2755806960285931,0.024811437154555988,0.01056192485725473,0.39685306221253935,0.3969014766400387,0.35758896151053016,0.05521376256897931,0.05525602898281316,0.05361110370237023,0.1425125474738123,False,5.23884417832865,small_high,healthy,small,high,1,Day2_Evening,C:\Users\Aun\Desktop\Projects\bioimaging\1-2305 - Copy.jfif
77,685.7784810126582,797.7784810126582,79.0,19.75,15.65685424949238,5.014626706796775,5.277069294873223,4.955498161165682,1.0648917875154447,0.3437463057325568,0.9518072289156626,4.049747424285026,3.6120322210907023,0.3030959048439128,0.5336127428408773,0.026183822756964476,0.10918576390237368,0.2059947625589475,0.2528856720462645,0.03357907645169755,0.01043011455994671,0.451030032266071,0.45013651030032265,0.4116157855547282,0.06646486230485302,0.068892996548158,0.06772966790751468,0.1547000766312785,False,6.524310475040732,small_high,healthy,small,high,1,Day2_Evening,C:\Users\Aun\Desktop\Projects\bioimaging\1-2305 - Copy.jfif
78,686.9395604395604,806.4972527472528,182.0,45.5,38.38477631085023,7.611333607551958,14.17227640198968,6.392826726887384,2.2169029456692386,0.8924836524703113,0.6715867158671587,1.552255559062318,1.1537249351848393,0.4177926582036315,0.9412392754413781,0.0303817172154875,0.26956004970787467,0.1910852442962104,0.29433277950453013,0.05317761610200025,0.004199675698817811,0.48961430726136607,0.4876966171083818,0.4499245852187028,0.0944541650101408,0.09370468275318553,0.09311022989552277,0.19707264552292017,False,13.618878775563298,medium_high,stressed,medium,high,0,Day2_Evening,C:\Users\Aun\Desktop\Projects\bioimaging\1-2305 - Copy.jfif
79,699.8939393939394,818.9015151515151,66.0,16.5,15.48528137423857,4.583497844237541,5.727782386439137,3.7831051409547967,1.5140426113014491,0.7508406545300584,0.868421052631579,3.458721530571693,2.561421407764348,0.5268299984083104,0.6044337952116616,0.48451207807163715,0.029200271167439174,0.07924686926841121,0.07955571744330761,0.00014453546878491355,0.004802840561721891,0.5131907308377897,0.5092691622103387,0.48966131907308375,0.005985873164535602,0.005985873164535602,0.005985873164535608,0.011875780426633764,False,4.741655415281251,small_low,healthy,small,low,2,Day2_Evening,C:\Users\Aun\Desktop\Projects\bioimaging\1-2305 - Copy.jfif
80,680.8505154639175,820.1701030927835,194.0,48.5,35.09188309203678,7.858251581595959,10.686639977967765,7.635104622133886,1.3996717146465276,0.6996831848349737,0.7461538461538462,1.9796948178987643,2.162865390118223,0.29876261663064724,0.5536732304833326,0.03319506835111205,0.1540190779364093,0.17975416975373254,0.21636587976879873,0.05268472337987479,0.003706271541314073,0.43759854457246816,0.4369516878916515,0.40305235496260355,0.06397434596370577,0.06330565013206477,0.06681126132637137,0.15191833464666804,False,12.518361957249391,medium_high,moderate,medium,high,4,Day2_Evening,C:\Users\Aun\Desktop\Projects\bioimaging\1-2305 - Copy.jfif
81,675.6,825.3882352941176,85.0,21.25,18.020815280171306,5.201570947860099,6.442532582297404,4.2968970314689585,1.4993453497057452,0.7450955378519867,0.9042553191489362,3.289121523538277,2.6074488465810495,0.3871151945231313,0.71899149768331,0.03248841377302407,0.18430456489114783,0.20482838163992348,0.279956815230417,0.033807199470850195,0.009638982665408163,0.451118800461361,0.4512110726643599,0.41296424452133795,0.07334226902815003,0.07331736391739062,0.07266712797495668,0.16675111519000244,False,7.328527317497003,small_high,healthy,small,high,1,Day2_Evening,C:\Users\Aun\Desktop\Projects\bioimaging\1-2305 - Copy.jfif
82,97.73195876288659,850.0618556701031,97.0,24.25,17.899494936611664,5.556622981616415,6.474888103448766,4.882022178697175,1.3262717510178672,0.6568821201355851,0.9326923076923077,3.8045215168080286,2.9458953702554953,0.4762673664693587,0.556006614636249,0.39335003572043226,0.036500429699802994,0.2123600183959019,0.26943614105464075,0.031538589498790494,0.008757114160655749,0.45809581564584595,0.45809581564584595,0.42114412775419446,0.00966064535706369,0.00966064535706369,0.009987077521985533,0.02191548983706439,False,9.75932239362779,small_high,healthy,small,high,1,Day2_Evening,C:\Users\Aun\Desktop\Projects\bioimaging\1-2305 - Copy.jfif
83,101.7215909090909,853.8238636363636,88.0,22.0,16.899494936611667,5.292567428401227,6.288119222462972,4.562224839600397,1.3783010359072405,0.6881895841449314,0.9361702127659575,3.8720868107618727,2.8336829440217186,0.46633323953676925,0.5508045640736968,0.388411109955888,0.032455951441702116,0.20829880172202567,0.26881767096941617,0.04247412005468743,0.009468127351001167,0.453475935828877,0.4532976827094474,0.4165775401069519,0.00840629313550916,0.008247939608741013,0.010800138652193304,0.020746096919995675,False,8.719440172355643,small_high,healthy,small,high,1,Day2_Evening,C:\Users\Aun\Desktop\Projects\bioimaging\1-2305 - Copy.jfif
84,661.3810679611651,855.0461165048544,206.0,51.5,45.93807716974934,8.097643889049511,14.145780601407068,9.062118023947638,1.5609795153876054,0.7678552357364862,0.5706371191135734,1.2266804912521498,1.3107609759689383,0.5163208888961581,0.5905970361004423,0.41947064712286336,0.029250996471716282,0.0839131175266167,0.08493968954670786,0.0026072028700567873,0.0016293809228469262,0.4724538359032934,0.4685322672758424,0.4489624976204074,0.006766912078279517,0.006766912078279517,0.006756299998031016,0.014597751415353428,False,12.3518471731554,large_low,stressed,large,low,4,Day2_Evening,C:\Users\Aun\Desktop\Projects\bioimaging\1-2305 - Copy.jfif
85,652.5168067226891,861.4243697478992,119.0,29.75,25.263455967290593,6.154581744998688,8.545191565706903,5.575423155445187,1.532653455614632,0.7578203969510001,0.7933333333333333,2.342994690329576,2.074977891313868,0.5175296655403938,0.5804028429937751,0.4153598440982115,0.031561570528954065,0.08505475569608578,0.08537930033756712,0.00013722312414206128,0.0028589833847423793,0.46188828472565496,0.45796671609820394,0.43835887296094905,0.007474612191089407,0.007474612191089407,0.007474612191089407,0.01650979790891239,False,7.887442131832429,medium_low,moderate,medium,low,2,Day2_Evening,C:\Users\Aun\Desktop\Projects\bioimaging\1-2305 - Copy.jfif
86,664.7241379310345,863.323275862069,116.0,29.0,29.574116139070412,6.076507779746499,11.837829783372582,4.658348347374379,2.5412075054551964,0.9193187466722089,0.6946107784431138,1.6666496105691186,1.0539595077776622,0.5047477742719821,0.5398735443424791,0.4774992543558907,0.010667927225315444,0.08386636558113378,0.08438425842994612,0.00022403984594765797,0.002891943640728751,0.46967545638945235,0.4657538877620014,0.44614604462474644,0.00419461086039046,0.00419461086039046,0.00419461086039046,0.009108321328970792,False,7.109414606741261,medium_low,moderate,medium,low,0,Day2_Evening,C:\Users\Aun\Desktop\Projects\bioimaging\1-2305 - Copy.jfif
87,659.1084337349398,870.9397590361446,166.0,41.5,34.05634918610404,7.269074295019226,12.98314705439743,5.0597768271457175,2.565952510937401,0.920933893774124,0.7477477477477478,1.798546919236513,1.253886580091255,0.5131181781803623,0.6006552961918488,0.472137474493444,0.02308445808051937,0.08433533653567109,0.08481701633143444,0.0002821119341908469,0.0020321767839920745,0.46338294353886134,0.45946137491141037,0.4398535317741555,0.0076796595831861375,0.0076796595831861375,0.0076796595831861375,0.01690688713258339,False,10.427865885781744,medium_low,moderate,medium,low,0,Day2_Evening,C:\Users\Aun\Desktop\Projects\bioimaging\1-2305 - Copy.jfif
88,132.63291139240508,877.1075949367089,158.0,39.5,27.263455967290593,7.091753098990329,9.865379660888237,5.5464738738829515,1.7786759453320429,0.8269904575837217,0.8494623655913979,2.6711921946476336,2.0669958222659073,0.49686727730994057,0.5410634160624169,0.33557105992502057,0.028910262219092615,0.13769470567797443,0.14717151289755598,0.02334888998952602,0.0034859419158980868,0.4312980888557955,0.43442541573591464,0.4112931248448747,0.011174676598646727,0.010677153621322955,0.010864523528331248,0.025619363909720787,False,12.284892968473125,medium_medium,healthy,medium,medium,2,Day2_Evening,C:\Users\Aun\Desktop\Projects\bioimaging\1-2305 - Copy.jfif
89,63.9,884.9285714285714,70.0,17.5,16.192388155425117,4.720348719413148,5.554104927353491,4.3288401716230975,1.2830468918123583,0.6265331895618222,0.875,3.354950308995278,2.8892159145840144,0.5187036553591304,0.5710303046048194,0.46771536829447546,0.02665798929048072,0.11801129231930145,0.11907706807904231,0.0005951677135731541,0.0067435024182457975,0.4508683473389356,0.45478991596638657,0.43126050420168066,0.004494380082942649,0.004494380082942649,0.004494380082942649,0.010085235226348428,False,5.567455117178202,small_medium,healthy,small,medium,2,Day2_Evening,C:\Users\Aun\Desktop\Projects\bioimaging\1-2305 - Copy.jfif
90,674.4202898550725,890.1304347826087,69.0,17.25,18.606601717798213,4.686510657907603,7.717011554673278,3.312463185332032,2.3296897574122766,0.9031896589380245,0.8214285714285714,2.504521889751556,1.4752339838310529,0.5111533091929364,0.5588811687241648,0.47727808323619336,0.015922156234141442,0.08312990018208366,0.08339585557959295,0.00012882530338979202,0.0048191246482367335,0.46939471440750213,0.46547314578005117,0.4458653026427963,0.004920027987002933,0.004920027987002933,0.004920027987002933,0.010690033641802495,False,4.562914942675465,small_low,moderate,small,low,2,Day2_Evening,C:\Users\Aun\Desktop\Projects\bioimaging\1-2305 - Copy.jfif
91,661.7074074074075,892.7962962962963,135.0,33.75,28.97056274847714,6.555290583552474,11.95867439441199,4.602025528435784,2.598567591709277,0.9229885563664623,0.7758620689655172,2.0212953166974272,1.2019262066914902,0.5098414134883871,0.5664384600882875,0.47056275227356537,0.015600355933760598,0.0839721402658506,0.08432904837282332,0.00018904687611297365,0.002488063415284462,0.4563543936092956,0.45243282498184456,0.4328249818445897,0.003750540426220336,0.003750540426220336,0.003750540426220336,0.008386642037845733,False,8.590400954186242,medium_low,moderate,medium,low,0,Day2_Evening,C:\Users\Aun\Desktop\Projects\bioimaging\1-2305 - Copy.jfif
92,635.1762114537445,894.2896475770925,454.0,113.5,82.03300858899107,12.02134303343187,20.753231135257376,11.630960248174315,1.7843093512863621,0.8281943969308443,0.5732323232323232,0.8477902885128776,1.3421298191876783,0.5176421428792475,0.6186750970691955,0.38523751413393426,0.041999806938035046,0.08564444186368438,0.08684528776224364,0.00036285322406446577,0.0007545765802967787,0.4384037315366675,0.43448216290921654,0.41487431977196165,0.00774871347717767,0.00774871347717767,0.00774871347717767,0.01805160632769832,False,26.501331608336518,large_low,stressed,large,low,4,Day2_Evening,C:\Users\Aun\Desktop\Projects\bioimaging\1-2305 - Copy.jfif
93,92.0220588235294,899.5,68.0,17.0,17.02081528017131,4.652426491681278,7.2737079081191025,3.194218974813893,2.2771475485780983,0.8984157624598883,0.8947368421052632,2.949565600804075,1.6364672460800977,0.5073512838406565,0.5620604151382727,0.4388512230413888,0.023059838032866462,0.12513416065794314,0.1266809256458079,0.000892577851906872,0.007360832979879008,0.43679354094579004,0.44071510957324106,0.41718569780853515,0.005707886058435347,0.005707886058435347,0.005707886058435347,0.013226023730949076,False,5.279004450287336,small_medium,healthy,small,medium,2,Day2_Evening,C:\Users\Aun\Desktop\Projects\bioimaging\1-2305 - Copy.jfif
94,108.66451612903226,901.8903225806451,155.0,38.75,27.020815280171306,7.024103669400641,11.209292027835026,4.474710196181753,2.5050319543374804,0.9168653940145963,0.9337349397590361,2.66774715297219,1.5706718108480533,0.4502169934600156,0.49860749031769186,0.33666578913911915,0.028370704644479442,0.20952930791774332,0.26439810352049953,0.0334741272786085,0.005407207946264344,0.41135989879822893,0.4166729917773561,0.3811764705882353,0.006699316463318691,0.007079785424877495,0.007525510268966774,0.017618629859644852,False,13.82970262769417,medium_high,healthy,medium,high,0,Day2_Evening,C:\Users\Aun\Desktop\Projects\bioimaging\1-2305 - Copy.jfif
95,94.84426229508196,912.016393442623,61.0,15.25,15.48528137423857,4.406461512053774,6.614297849193942,3.1136412594922023,2.124296698930774,0.8822698302282743,0.8591549295774648,3.1966971721950497,1.775302881918016,0.49937686736628434,0.5554504933599164,0.40994125911030305,0.028592693708967592,0.12312089574018545,0.1243199802176063,0.0006110332508261622,0.008073501360012161,0.42674381227901,0.43066538090646095,0.40713596914175504,0.0070476785019833186,0.0070476785019833186,0.0070476785019833186,0.01671987378215819,False,4.749444767821942,small_medium,healthy,small,medium,2,Day2_Evening,C:\Users\Aun\Desktop\Projects\bioimaging\1-2305 - Copy.jfif
96,103.34634146341463,918.8,205.0,51.25,49.88782463805517,8.07796550300118,15.509290866782345,7.6652669097458075,2.023320394370541,0.8693271484194313,0.5099502487562189,1.0350816066302502,1.0851258208519137,0.4898561035990436,0.5421438467527394,0.37847247955658214,0.02277217604704809,0.09796401284546799,0.12559851021193114,0.033031278059456895,0.0019114929335701072,0.41859397417503585,0.4195695839311334,0.3975131516021042,0.005946076401162153,0.0057971219737959915,0.005556482911686066,0.014000167803379922,False,12.18934733962659,large_low,stressed,large,low,4,Day2_Evening,C:\Users\Aun\Desktop\Projects\bioimaging\1-2305 - Copy.jfif
97,638.2222222222222,918.3734567901234,162.0,40.5,36.62741699796952,7.1809610472257885,11.932968443226374,6.739593998423338,1.770576750768366,0.8252362299739749,0.6835443037974683,1.5174426725025372,1.4485321838548477,0.517989838517512,0.619690528083621,0.44944518911985887,0.0260149258139884,0.08472456403180738,0.08500837697907873,0.00014013927942572053,0.002091964543995244,0.43318809005083514,0.4292665214233842,0.4096586782861293,0.004655154832400104,0.004655154832400104,0.004655154832400104,0.010978160993688889,False,10.015012924679247,medium_low,stressed,medium,low,4,Day2_Evening,C:\Users\Aun\Desktop\Projects\bioimaging\1-2305 - Copy.jfif
98,84.4888888888889,925.4722222222222,90.0,22.5,19.899494936611664,5.352372348458314,7.042065677220033,4.525911941140054,1.5559440326729321,0.7661207675307995,0.8411214953271028,2.856066174700797,2.3107474675517237,0.49559349607113934,0.5400651159749846,0.4694501559717595,0.01238199268428145,0.11469039925911968,0.11666538658020946,0.000978641432956204,0.005097351078183097,0.4246187363834422,0.42854030501089324,0.40501089324618733,0.003203429416246242,0.003203429416246242,0.003203429416246242,0.0076383070236728575,False,6.622969473241278,small_medium,healthy,small,medium,2,Day2_Evening,C:\Users\Aun\Desktop\Projects\bioimaging\1-2305 - Copy.jfif
99,100.90441176470588,926.9411764705883,68.0,17.0,17.106601717798213,4.652426491681278,6.049426991575187,3.9811976594619596,1.519499283638366,0.7529204557492811,0.8717948717948718,2.920056727739862,2.365868227048449,0.494863578589563,0.5286173876720774,0.46745853558629247,0.012595401815030756,0.12201088465264354,0.12331215052050723,0.001209654954220327,0.007177110861920208,0.41401384083044984,0.4179354094579008,0.39440599769319495,0.003515040359324284,0.003515040359324284,0.003515040359324284,0.008598749094382753,False,5.136670594838964,small_medium,healthy,small,medium,2,Day2_Evening,C:\Users\Aun\Desktop\Projects\bioimaging\1-2305 - Copy.jfif
100,108.20833333333333,955.0902777777778,72.0,18.0,19.31370849898476,4.787307364817192,7.339251064449148,3.948205403945885,1.8588827868768456,0.8429719399992706,0.7912087912087912,2.4255543800369126,1.7019199379763799,0.5032061993464169,0.5518998754132756,0.43496050867750763,0.026956973219898192,0.1191798355060864,0.12126056771537168,0.0013140471682347643,0.006621101972560356,0.4000544662309368,0.4039760348583878,0.3804466230936819,0.004310409477875074,0.004310409477875074,0.004310409477875074,0.01091724624276264,False,5.242315801076084,small_medium,moderate,small,medium,2,Day2_Evening,C:\Users\Aun\Desktop\Projects\bioimaging\1-2305 - Copy.jfif
101,719.3,960.4117647058823,85.0,21.25,18.727922061357855,5.201570947860099,7.023516783522187,4.061265789338512,1.7293910686564935,0.8158679855063902,0.8762886597938144,3.045436882746893,2.193914988728936,0.5148815326255677,0.5779503308087853,0.44253505992008146,0.027444448235825772,0.08371419999552183,0.08376607319485656,3.262173472203411e-05,0.003939491764495145,0.47100346020761247,0.4670818915801615,0.4474740484429066,0.004254539103445818,0.004254539103445818,0.004254539103445818,0.009211887493392525,False,5.906476131117707,small_low,healthy,small,low,2,Day2_Evening,C:\Users\Aun\Desktop\Projects\bioimaging\1-2305 - Copy.jfif
102,704.2242063492064,964.156746031746,252.0,63.0,53.71625176280136,8.95623198216277,14.402276773963242,9.406812953885552,1.5310474274939503,0.7572305938772225,0.5901639344262295,1.0974860368706343,1.5468505429131352,0.5063258840168984,0.5628648782626704,0.44115903989913713,0.02380392317638285,0.08765635473529014,0.15558191919564643,0.01562138666505405,0.0013913707100839704,0.4620603797074385,0.4585745409274821,0.4387488328664799,0.004893035511838115,0.00457505753501723,0.004650759815280022,0.010386215684694677,False,14.909699380574981,large_low,stressed,large,low,4,Day2_Evening,C:\Users\Aun\Desktop\Projects\bioimaging\1-2305 - Copy.jfif
103,709.4375,971.8416666666667,120.0,30.0,26.97056274847714,6.180387232371033,9.999803091030772,4.60872292826335,2.169755753748225,0.887461753900483,0.7361963190184049,2.0730562847645797,1.5279476264081921,0.5066796885044345,0.5576805512677071,0.45192331817499265,0.019522444241822354,0.14230405778819796,0.15756608686185955,0.027936006402250583,0.004743468592939932,0.4589869281045752,0.4614052287581699,0.43862745098039213,0.005343412077439904,0.0038721008538001762,0.004403405297438297,0.010021134463462667,False,9.113349446272261,medium_medium,moderate,medium,medium,0,Day2_Evening,C:\Users\Aun\Desktop\Projects\bioimaging\1-2305 - Copy.jfif
104,669.7138157894736,978.7894736842105,152.0,38.0,40.230970388562795,6.955796338302048,15.986617963896878,5.3766608935749565,2.9733357338940025,0.9417468395442736,0.5259515570934256,1.1801370247880094,0.7572521469143915,0.5140384609197812,0.5703879562135598,0.45873757034967244,0.024799174374307446,0.04958910932338913,0.04964144411473787,2.1117299283362488e-05,0.0013049765611418192,0.44140866873065016,0.4374871001031992,0.42180082559339527,0.00458155230775682,0.00458155230775682,0.00458155230775682,0.010567150696141288,False,8.026341968046827,medium_low,stressed,medium,low,0,Day2_Evening,C:\Users\Aun\Desktop\Projects\bioimaging\1-2305 - Copy.jfif
105,699.6232876712329,975.5958904109589,146.0,36.5,36.92031021678297,6.817128675830715,14.954336647238886,5.136969652673382,2.9111203021135914,0.9391488851915473,0.5959183673469388,1.3459596387046917,0.8312442768376673,0.5146337744362867,0.5711815703772909,0.43517492986536654,0.027846603888361496,0.08532117550003147,0.15560089020771514,0.03682503988143468,0.002337566452055657,0.4596561912436207,0.4572925060435133,0.43832930432446954,0.005625306991568846,0.005438017806262,0.005248719466852193,0.012035939670891047,False,8.86708968426861,medium_low,stressed,medium,low,0,Day2_Evening,C:\Users\Aun\Desktop\Projects\bioimaging\1-2305 - Copy.jfif
106,62.077235772357724,974.4126016260162,246.0,61.5,66.89087296526012,8.848967849484623,17.35938999301089,10.33164365989638,1.6802157105353546,0.8036059844434702,0.4880952380952381,0.6908937175235637,1.0393846665557347,0.5039585447804344,0.591607075450934,0.4374783999769292,0.02883865120338311,0.09252209085300409,0.09667986827571874,0.00222712310029407,0.0015044242415122614,0.424693129284234,0.428614697911685,0.40508528614697914,0.005180737957510582,0.005180737957510582,0.005180737957510582,0.012350841488034007,False,14.198694788805707,large_low,stressed,large,low,4,Day2_Evening,C:\Users\Aun\Desktop\Projects\bioimaging\1-2305 - Copy.jfif
107,280.52734375,978.24609375,128.0,32.0,22.485281374238568,6.383076486422923,7.480710468533523,5.952563637183811,1.2567207886369924,0.6056624300195118,0.8888888888888888,3.1814359226292304,2.9122885033801147,0.30381345866823917,0.4378921018799163,0.14908982466599993,0.07025832727600159,0.2856138842743746,0.33811861782317193,0.04489727832405638,0.008925433883574207,0.28943014705882353,0.2890625,0.25628063725490197,0.012245669009651725,0.012479821696429914,0.011963092871775568,0.043950356662431064,False,12.277664228107085,medium_high,healthy,medium,high,1,Day2_Evening,C:\Users\Aun\Desktop\Projects\bioimaging\1-2305 - Copy.jfif
108,48.04242424242424,977.5121212121212,165.0,41.25,36.02386360737624,7.247146419131151,9.686957534915274,7.538077670440944,1.2850700083524915,0.6280565242561761,0.632183908045977,1.5977661975238688,2.2388204799744433,0.5223521965820098,0.6394089460263712,0.4435085296177248,0.04500265989936844,0.08525655618348175,0.08772913271340091,0.0007155113255963308,0.0020668256044480424,0.4324420677361854,0.43636363636363634,0.41283422459893043,0.006623728577536448,0.006623728577536448,0.006623728577536448,0.015504499577181979,False,10.352040263448709,medium_low,stressed,medium,low,4,Day2_Evening,C:\Users\Aun\Desktop\Projects\bioimaging\1-2305 - Copy.jfif
109,23.184343434343436,978.1338383838383,198.0,49.5,30.67766952966369,7.938851142601841,9.767631420777128,7.160880148879385,1.3640266584137255,0.6800955311576955,0.8354430379746836,2.643810510225789,2.6423891803162585,0.5124531200500628,0.6176125293430508,0.43300515855371097,0.033408522800610546,0.0846933728981207,0.08469337289812068,2.7755575615628914e-17,0.0017109772302650649,0.43143196672608436,0.4353535353535354,0.41182412358882947,0.004802553517231091,0.004802553517231091,0.004802553517231091,0.011268224689111843,False,13.332334526592373,large_low,healthy,large,low,2,Day2_Evening,C:\Users\Aun\Desktop\Projects\bioimaging\1-2305 - Copy.jfif
110,286.1111111111111,981.7388888888889,90.0,22.5,17.242640687119284,5.352372348458314,6.007812736422346,4.95266616818297,1.213046171982653,0.5660499722068254,0.9375,3.804037741159509,3.174825454026598,0.32531357308622044,0.3810776047813692,0.24660033726422387,0.035858046163385296,0.284582063887437,0.3390542482261789,0.045099827079775064,0.012648091728330533,0.2911111111111111,0.290718954248366,0.2582570806100218,0.0065110637413920355,0.0065932131832253564,0.008175132696425455,0.02533000263500692,False,9.218383509216519,small_high,healthy,small,high,1,Day2_Evening,C:\Users\Aun\Desktop\Projects\bioimaging\1-2305 - Copy.jfif
111,99.62893081761007,983.9654088050314,159.0,39.75,25.970562748477143,7.1141599576634995,10.234587352852046,5.229289139397796,1.9571660851078239,0.8596146887670615,0.9085714285714286,2.962403878798182,1.9327094439661592,0.5167628540317526,0.5845439481646566,0.4659300384451606,0.02233505547076725,0.11349440210625755,0.11565860220252389,0.0012203295729432304,0.0028552050844341524,0.4055493895671476,0.4094709581945986,0.3859415464298927,0.004803965848625077,0.004803965848625077,0.004803965848625077,0.01200029544282569,False,12.081451395816432,medium_medium,healthy,medium,medium,2,Day2_Evening,C:\Users\Aun\Desktop\Projects\bioimaging\1-2305 - Copy.jfif
112,277.93037974683546,985.1962025316456,79.0,19.75,16.82842712474619,5.014626706796775,6.352086732673901,4.169879528023129,1.5233261992308254,0.7543623863230207,0.9518072289156626,3.505499443961124,2.492897207543348,0.21316614699637187,0.26834575949294537,0.1558107847391538,0.032176557554442396,0.29957915592702355,0.3378581782994706,0.030054586866211524,0.015168564857064484,0.27515512534127573,0.27510548523206746,0.24060560933234054,0.006497357467145658,0.0065765183069463225,0.00875863118567952,0.02760581550995461,False,7.299305469386774,small_high,healthy,small,high,1,Day2_Evening,C:\Users\Aun\Desktop\Projects\bioimaging\1-2305 - Copy.jfif
113,300.1513452914798,986.0992152466367,892.0,223.0,65.19238815542512,16.85029431422316,24.349266126139327,12.442946688031167,1.9568729768456543,0.8595691951727995,0.8964824120603015,2.637429971816536,1.915592907176849,0.2849862488251716,0.4083869503124322,0.15407364364267154,0.04514080217834434,0.29423399880681533,0.3407362450718877,0.025246083269327587,0.0013194349722278715,0.27843576892640465,0.27838301239778424,0.24563000087927547,0.008175705328595346,0.008223923044557071,0.00857262814887689,0.031120062832493006,False,82.13761714828117,large_high,healthy,large,high,3,Day2_Evening,C:\Users\Aun\Desktop\Projects\bioimaging\1-2305 - Copy.jfif
114,112.16441441441441,986.4256756756756,222.0,55.5,50.526911934581186,8.406235467365967,15.352716576124857,9.001914002965497,1.7054946949134615,0.8100649597264895,0.570694087403599,1.0927412211200964,1.1992027837063874,0.5086334878536938,0.5883890512322898,0.42485224480196626,0.03229847368955542,0.12048881218091279,0.1234610812791774,0.0015155309815549428,0.0021709695888452755,0.3970676558911853,0.4009892245186363,0.37745981275393037,0.004951167084643665,0.004951167084643665,0.004951167084643665,0.012635721245229369,False,14.58666399385829,large_medium,stressed,large,medium,4,Day2_Evening,C:\Users\Aun\Desktop\Projects\bioimaging\1-2305 - Copy.jfif
115,123.71126760563381,987.612676056338,71.0,17.75,15.899494936611665,4.753945931439391,5.711743264565749,4.196860748149561,1.3609561067958034,0.6783081492440846,0.9102564102564102,3.529405476666802,2.770965450655825,0.5214816768397833,0.5747883585114024,0.4808457139863305,0.027890531805491503,0.12692590444305246,0.1284684996768035,0.0007170824357899957,0.00715075517989028,0.3925434962717481,0.39646506489919914,0.37293565313449323,0.00411849806844678,0.00411849806844678,0.00411849806844678,0.010633465921361737,False,5.8906277747619775,small_medium,healthy,small,medium,2,Day2_Evening,C:\Users\Aun\Desktop\Projects\bioimaging\1-2305 - Copy.jfif
116,277.81060606060606,989.8257575757576,66.0,16.5,14.121320343559642,4.583497844237541,4.909882801679001,4.381438057356581,1.1206098859334879,0.45130214194233026,0.9850746268656716,4.159136647631821,3.4858749447108517,0.19873280266982576,0.2334841966233015,0.12966989611112728,0.020736092122930504,0.2983221396128401,0.3378581782994706,0.03456044918745881,0.01808012967350546,0.2730243612596554,0.2729055258467023,0.23844325609031491,0.004195159383981904,0.004475301261473691,0.006227531237544927,0.01899350074925375,False,6.271574480597488,small_high,healthy,small,high,1,Day2_Evening,C:\Users\Aun\Desktop\Projects\bioimaging\1-2305 - Copy.jfif
