{
  "executive_summary": {
    "job_name": "batch_20250526_014744",
    "analysis_date": "2025-05-26 01:47:45",
    "operator": "",
    "project_id": "",
    "total_images_processed": 0,
    "successful_analyses": 0,
    "success_rate_percentage": 0
  },
  "aggregate_statistics": {},
  "quality_control_summary": {
    "total_images_assessed": 7,
    "average_quality_score": 0.6569702633529495,
    "quality_distribution": {
      "excellent": 0,
      "good": 5,
      "fair": 2,
      "poor": 0
    },
    "common_issues": {
      "most_common_issues": [
        [
          "Motion blur detected",
          7
        ],
        [
          "Image resolution too low",
          4
        ],
        [
          "Low sharpness detected",
          2
        ],
        [
          "Low contrast detected",
          1
        ]
      ],
      "total_unique_issues": 4
    },
    "outliers_detected": 0,
    "quality_trend": "insufficient_data"
  },
  "recommendations": [
    "No successful analyses to evaluate"
  ],
  "processing_performance": {
    "message": "No processing time data available"
  },
  "export_information": {
    "timestamp": "2025-05-26T01:47:45.443202",
    "job_name": "batch_20250526_014744",
    "total_results": 0,
    "exported_formats": [
      "csv",
      "excel"
    ],
    "export_paths": {
      "excel": "batch_results\\exports\\batch_20250526_014744_complete_analysis.xlsx"
    }
  }
}